Year,Month,Sales
2016,1,14236.895
2016,2,4519.892
2016,3,55691.009000000005
2016,4,28295.345
2016,5,23648.287
2016,6,34595.1276
2016,7,33946.393
2016,8,27909.4685
2016,9,81777.3508
2016,10,31453.393
2016,11,78628.7167
2016,12,69545.6205
2017,1,18174.0756
2017,2,11951.411
2017,3,38726.252
2017,4,34195.2085
2017,5,30131.6865
2017,6,24797.292
2017,7,28765.325
2017,8,36898.3322
2017,9,64595.918000000005
2017,10,31404.9235
2017,11,75972.5635
2017,12,74919.5212
2018,1,18542.491
2018,2,22978.815000000002
2018,3,51715.875
2018,4,38750.039
2018,5,56987.728
2018,6,40344.534
2018,7,39261.963
2018,8,31115.374300000003
2018,9,73410.0249
2018,10,59687.744999999995
2018,11,79411.9658
2018,12,96999.043
2019,1,43971.373999999996
2019,2,20301.1334
2019,3,58872.3528
2019,4,36521.5361
2019,5,44261.1102
2019,6,52981.7257
2019,7,45264.416
2019,8,63120.888000000006
2019,9,87866.652
2019,10,77776.9232
2019,11,118447.825
2019,12,83829.3188
